"sites.sitename","Date","climvar.val","climvar.class","month"
"Barro Colorado Island",1929-01-01,12.192,"pre",1
"Barro Colorado Island",1929-02-01,1.778,"pre",2
"Barro Colorado Island",1929-03-01,72.136,"pre",3
"Barro Colorado Island",1929-04-01,42.672,"pre",4
"Barro Colorado Island",1929-05-01,350.266,"pre",5
"Barro Colorado Island",1929-06-01,250.952,"pre",6
"Barro Colorado Island",1929-07-01,316.992,"pre",7
"Barro Colorado Island",1929-08-01,399.288,"pre",8
"Barro Colorado Island",1929-09-01,175.26,"pre",9
"Barro Colorado Island",1929-10-01,249.428,"pre",10
"Barro Colorado Island",1929-11-01,309.626,"pre",11
"Barro Colorado Island",1929-12-01,47.752,"pre",12
"Barro Colorado Island",1930-01-01,48.514,"pre",1
"Barro Colorado Island",1930-02-01,16.002,"pre",2
"Barro Colorado Island",1930-03-01,6.604,"pre",3
"Barro Colorado Island",1930-04-01,83.566,"pre",4
"Barro Colorado Island",1930-05-01,258.318,"pre",5
"Barro Colorado Island",1930-06-01,183.896,"pre",6
"Barro Colorado Island",1930-07-01,181.356,"pre",7
"Barro Colorado Island",1930-08-01,149.606,"pre",8
"Barro Colorado Island",1930-09-01,293.37,"pre",9
"Barro Colorado Island",1930-10-01,153.924,"pre",10
"Barro Colorado Island",1930-11-01,298.704,"pre",11
"Barro Colorado Island",1930-12-01,266.7,"pre",12
"Barro Colorado Island",1931-01-01,30.48,"pre",1
"Barro Colorado Island",1931-02-01,24.638,"pre",2
"Barro Colorado Island",1931-03-01,140.716,"pre",3
"Barro Colorado Island",1931-04-01,91.232,"pre",4
"Barro Colorado Island",1931-05-01,291.956,"pre",5
"Barro Colorado Island",1931-06-01,381.254,"pre",6
"Barro Colorado Island",1931-07-01,463.55,"pre",7
"Barro Colorado Island",1931-08-01,196.342,"pre",8
"Barro Colorado Island",1931-09-01,194.31,"pre",9
"Barro Colorado Island",1931-10-01,321.818,"pre",10
"Barro Colorado Island",1931-11-01,783.334,"pre",11
"Barro Colorado Island",1931-12-01,67.818,"pre",12
"Barro Colorado Island",1932-01-01,43.688,"pre",1
"Barro Colorado Island",1932-02-01,7.62,"pre",2
"Barro Colorado Island",1932-03-01,30.226,"pre",3
"Barro Colorado Island",1932-04-01,112.268,"pre",4
"Barro Colorado Island",1932-05-01,194.818,"pre",5
"Barro Colorado Island",1932-06-01,299.974,"pre",6
"Barro Colorado Island",1932-07-01,323.342,"pre",7
"Barro Colorado Island",1932-08-01,271.018,"pre",8
"Barro Colorado Island",1932-09-01,175.26,"pre",9
"Barro Colorado Island",1932-10-01,356.616,"pre",10
"Barro Colorado Island",1932-11-01,789.432,"pre",11
"Barro Colorado Island",1932-12-01,274.32,"pre",12
"Barro Colorado Island",1933-01-01,63.246,"pre",1
"Barro Colorado Island",1933-02-01,0.762,"pre",2
"Barro Colorado Island",1933-03-01,30.988,"pre",3
"Barro Colorado Island",1933-04-01,2.54,"pre",4
"Barro Colorado Island",1933-05-01,177.8,"pre",5
"Barro Colorado Island",1933-06-01,239.268,"pre",6
"Barro Colorado Island",1933-07-01,229.616,"pre",7
"Barro Colorado Island",1933-08-01,259.842,"pre",8
"Barro Colorado Island",1933-09-01,230.632,"pre",9
"Barro Colorado Island",1933-10-01,162.306,"pre",10
"Barro Colorado Island",1933-11-01,831.092,"pre",11
"Barro Colorado Island",1933-12-01,353.822,"pre",12
"Barro Colorado Island",1934-01-01,38.608,"pre",1
"Barro Colorado Island",1934-02-01,19.05,"pre",2
"Barro Colorado Island",1934-03-01,146.304,"pre",3
"Barro Colorado Island",1934-04-01,46.482,"pre",4
"Barro Colorado Island",1934-05-01,305.816,"pre",5
"Barro Colorado Island",1934-06-01,229.108,"pre",6
"Barro Colorado Island",1934-07-01,268.986,"pre",7
"Barro Colorado Island",1934-08-01,310.388,"pre",8
"Barro Colorado Island",1934-09-01,506.99,"pre",9
"Barro Colorado Island",1934-10-01,347.98,"pre",10
"Barro Colorado Island",1934-11-01,499.872,"pre",11
"Barro Colorado Island",1934-12-01,389.89,"pre",12
"Barro Colorado Island",1935-01-01,42.164,"pre",1
"Barro Colorado Island",1935-02-01,150.114,"pre",2
"Barro Colorado Island",1935-03-01,12.954,"pre",3
"Barro Colorado Island",1935-04-01,93.726,"pre",4
"Barro Colorado Island",1935-05-01,256.794,"pre",5
"Barro Colorado Island",1935-06-01,302.26,"pre",6
"Barro Colorado Island",1935-07-01,725.928,"pre",7
"Barro Colorado Island",1935-08-01,209.296,"pre",8
"Barro Colorado Island",1935-09-01,230.886,"pre",9
"Barro Colorado Island",1935-10-01,219.456,"pre",10
"Barro Colorado Island",1935-11-01,1056.128,"pre",11
"Barro Colorado Island",1935-12-01,342.898,"pre",12
"Barro Colorado Island",1936-01-01,19.304,"pre",1
"Barro Colorado Island",1936-02-01,5.334,"pre",2
"Barro Colorado Island",1936-03-01,41.656,"pre",3
"Barro Colorado Island",1936-04-01,57.404,"pre",4
"Barro Colorado Island",1936-05-01,294.894,"pre",5
"Barro Colorado Island",1936-06-01,137.922,"pre",6
"Barro Colorado Island",1936-07-01,269.494,"pre",7
"Barro Colorado Island",1936-08-01,344.17,"pre",8
"Barro Colorado Island",1936-09-01,326.898,"pre",9
"Barro Colorado Island",1936-10-01,504.19,"pre",10
"Barro Colorado Island",1936-11-01,299.466,"pre",11
"Barro Colorado Island",1936-12-01,83.566,"pre",12
"Barro Colorado Island",1937-01-01,62.484,"pre",1
"Barro Colorado Island",1937-02-01,5.08,"pre",2
"Barro Colorado Island",1937-03-01,4.826,"pre",3
"Barro Colorado Island",1937-04-01,27.432,"pre",4
"Barro Colorado Island",1937-05-01,323.85,"pre",5
"Barro Colorado Island",1937-06-01,261.874,"pre",6
"Barro Colorado Island",1937-07-01,211.328,"pre",7
"Barro Colorado Island",1937-08-01,491.234,"pre",8
"Barro Colorado Island",1937-09-01,251.714,"pre",9
"Barro Colorado Island",1937-10-01,312.674,"pre",10
"Barro Colorado Island",1937-11-01,471.678,"pre",11
"Barro Colorado Island",1937-12-01,712.726,"pre",12
"Barro Colorado Island",1938-01-01,56.896,"pre",1
"Barro Colorado Island",1938-02-01,29.21,"pre",2
"Barro Colorado Island",1938-03-01,36.322,"pre",3
"Barro Colorado Island",1938-04-01,84.582,"pre",4
"Barro Colorado Island",1938-05-01,424.434,"pre",5
"Barro Colorado Island",1938-06-01,490.474,"pre",6
"Barro Colorado Island",1938-07-01,263.144,"pre",7
"Barro Colorado Island",1938-08-01,355.854,"pre",8
"Barro Colorado Island",1938-09-01,154.178,"pre",9
"Barro Colorado Island",1938-10-01,349.25,"pre",10
"Barro Colorado Island",1938-11-01,243.84,"pre",11
"Barro Colorado Island",1938-12-01,480.822,"pre",12
"Barro Colorado Island",1939-01-01,11.684,"pre",1
"Barro Colorado Island",1939-02-01,2.032,"pre",2
"Barro Colorado Island",1939-03-01,9.652,"pre",3
"Barro Colorado Island",1939-04-01,17.272,"pre",4
"Barro Colorado Island",1939-05-01,78.486,"pre",5
"Barro Colorado Island",1939-06-01,340.356,"pre",6
"Barro Colorado Island",1939-07-01,230.378,"pre",7
"Barro Colorado Island",1939-08-01,240.03,"pre",8
"Barro Colorado Island",1939-09-01,383.286,"pre",9
"Barro Colorado Island",1939-10-01,398.018,"pre",10
"Barro Colorado Island",1939-11-01,924.306,"pre",11
"Barro Colorado Island",1939-12-01,297.434,"pre",12
"Barro Colorado Island",1940-01-01,116.84,"pre",1
"Barro Colorado Island",1940-02-01,64.77,"pre",2
"Barro Colorado Island",1940-03-01,38.1,"pre",3
"Barro Colorado Island",1940-04-01,8.382,"pre",4
"Barro Colorado Island",1940-05-01,231.648,"pre",5
"Barro Colorado Island",1940-06-01,315.722,"pre",6
"Barro Colorado Island",1940-07-01,140.208,"pre",7
"Barro Colorado Island",1940-08-01,296.164,"pre",8
"Barro Colorado Island",1940-09-01,273.558,"pre",9
"Barro Colorado Island",1940-10-01,413.004,"pre",10
"Barro Colorado Island",1940-11-01,241.554,"pre",11
"Barro Colorado Island",1940-12-01,55.88,"pre",12
"Barro Colorado Island",1941-01-01,59.436,"pre",1
"Barro Colorado Island",1941-02-01,75.184,"pre",2
"Barro Colorado Island",1941-03-01,23.876,"pre",3
"Barro Colorado Island",1941-04-01,12.7,"pre",4
"Barro Colorado Island",1941-05-01,203.708,"pre",5
"Barro Colorado Island",1941-06-01,218.44,"pre",6
"Barro Colorado Island",1941-07-01,300.736,"pre",7
"Barro Colorado Island",1941-08-01,305.816,"pre",8
"Barro Colorado Island",1941-09-01,185.166,"pre",9
"Barro Colorado Island",1941-10-01,441.198,"pre",10
"Barro Colorado Island",1941-11-01,394.208,"pre",11
"Barro Colorado Island",1941-12-01,111.76,"pre",12
"Barro Colorado Island",1942-01-01,71.12,"pre",1
"Barro Colorado Island",1942-02-01,40.132,"pre",2
"Barro Colorado Island",1942-03-01,69.088,"pre",3
"Barro Colorado Island",1942-04-01,114.046,"pre",4
"Barro Colorado Island",1942-05-01,279.654,"pre",5
"Barro Colorado Island",1942-06-01,161.29,"pre",6
"Barro Colorado Island",1942-07-01,226.314,"pre",7
"Barro Colorado Island",1942-08-01,289.814,"pre",8
"Barro Colorado Island",1942-09-01,351.028,"pre",9
"Barro Colorado Island",1942-10-01,475.488,"pre",10
"Barro Colorado Island",1942-11-01,207.772,"pre",11
"Barro Colorado Island",1942-12-01,531.11,"pre",12
"Barro Colorado Island",1943-01-01,49.022,"pre",1
"Barro Colorado Island",1943-02-01,44.196,"pre",2
"Barro Colorado Island",1943-03-01,56.134,"pre",3
"Barro Colorado Island",1943-04-01,72.898,"pre",4
"Barro Colorado Island",1943-05-01,372.364,"pre",5
"Barro Colorado Island",1943-06-01,361.946,"pre",6
"Barro Colorado Island",1943-07-01,268.986,"pre",7
"Barro Colorado Island",1943-08-01,389.892,"pre",8
"Barro Colorado Island",1943-09-01,263.906,"pre",9
"Barro Colorado Island",1943-10-01,258.318,"pre",10
"Barro Colorado Island",1943-11-01,547.116,"pre",11
"Barro Colorado Island",1943-12-01,370.586,"pre",12
"Barro Colorado Island",1944-01-01,57.912,"pre",1
"Barro Colorado Island",1944-02-01,19.05,"pre",2
"Barro Colorado Island",1944-03-01,11.43,"pre",3
"Barro Colorado Island",1944-04-01,164.084,"pre",4
"Barro Colorado Island",1944-05-01,403.352,"pre",5
"Barro Colorado Island",1944-06-01,261.112,"pre",6
"Barro Colorado Island",1944-07-01,188.722,"pre",7
"Barro Colorado Island",1944-08-01,544.576,"pre",8
"Barro Colorado Island",1944-09-01,185.674,"pre",9
"Barro Colorado Island",1944-10-01,435.102,"pre",10
"Barro Colorado Island",1944-11-01,178.054,"pre",11
"Barro Colorado Island",1944-12-01,389.634,"pre",12
"Barro Colorado Island",1945-01-01,73.406,"pre",1
"Barro Colorado Island",1945-02-01,17.018,"pre",2
"Barro Colorado Island",1945-03-01,6.858,"pre",3
"Barro Colorado Island",1945-04-01,40.386,"pre",4
"Barro Colorado Island",1945-05-01,344.424,"pre",5
"Barro Colorado Island",1945-06-01,258.318,"pre",6
"Barro Colorado Island",1945-07-01,352.298,"pre",7
"Barro Colorado Island",1945-08-01,312.928,"pre",8
"Barro Colorado Island",1945-09-01,255.778,"pre",9
"Barro Colorado Island",1945-10-01,254.508,"pre",10
"Barro Colorado Island",1945-11-01,523.24,"pre",11
"Barro Colorado Island",1945-12-01,619.762,"pre",12
"Barro Colorado Island",1946-01-01,11.43,"pre",1
"Barro Colorado Island",1946-02-01,8.128,"pre",2
"Barro Colorado Island",1946-03-01,43.434,"pre",3
"Barro Colorado Island",1946-04-01,35.814,"pre",4
"Barro Colorado Island",1946-05-01,204.47,"pre",5
"Barro Colorado Island",1946-06-01,201.676,"pre",6
"Barro Colorado Island",1946-07-01,314.452,"pre",7
"Barro Colorado Island",1946-08-01,266.7,"pre",8
"Barro Colorado Island",1946-09-01,280.162,"pre",9
"Barro Colorado Island",1946-10-01,228.6,"pre",10
"Barro Colorado Island",1946-11-01,380.492,"pre",11
"Barro Colorado Island",1946-12-01,245.618,"pre",12
"Barro Colorado Island",1947-01-01,10.16,"pre",1
"Barro Colorado Island",1947-02-01,54.356,"pre",2
"Barro Colorado Island",1947-03-01,13.716,"pre",3
"Barro Colorado Island",1947-04-01,78.486,"pre",4
"Barro Colorado Island",1947-05-01,122.428,"pre",5
"Barro Colorado Island",1947-06-01,306.324,"pre",6
"Barro Colorado Island",1947-07-01,191.262,"pre",7
"Barro Colorado Island",1947-08-01,297.942,"pre",8
"Barro Colorado Island",1947-09-01,242.062,"pre",9
"Barro Colorado Island",1947-10-01,334.518,"pre",10
"Barro Colorado Island",1947-11-01,183.896,"pre",11
"Barro Colorado Island",1947-12-01,143.002,"pre",12
"Barro Colorado Island",1948-01-01,46.736,"pre",1
"Barro Colorado Island",1948-02-01,4.826,"pre",2
"Barro Colorado Island",1948-03-01,4.318,"pre",3
"Barro Colorado Island",1948-04-01,73.914,"pre",4
"Barro Colorado Island",1948-05-01,274.32,"pre",5
"Barro Colorado Island",1948-06-01,160.528,"pre",6
"Barro Colorado Island",1948-07-01,285.75,"pre",7
"Barro Colorado Island",1948-08-01,265.684,"pre",8
"Barro Colorado Island",1948-09-01,170.688,"pre",9
"Barro Colorado Island",1948-10-01,272.796,"pre",10
"Barro Colorado Island",1948-11-01,516.382,"pre",11
"Barro Colorado Island",1948-12-01,29.718,"pre",12
"Barro Colorado Island",1949-01-01,17.78,"pre",1
"Barro Colorado Island",1949-02-01,1.778,"pre",2
"Barro Colorado Island",1949-03-01,2.794,"pre",3
"Barro Colorado Island",1949-04-01,22.86,"pre",4
"Barro Colorado Island",1949-05-01,302.768,"pre",5
"Barro Colorado Island",1949-06-01,395.478,"pre",6
"Barro Colorado Island",1949-07-01,339.852,"pre",7
"Barro Colorado Island",1949-08-01,253.746,"pre",8
"Barro Colorado Island",1949-09-01,180.594,"pre",9
"Barro Colorado Island",1949-10-01,367.03,"pre",10
"Barro Colorado Island",1949-11-01,832.1,"pre",11
"Barro Colorado Island",1949-12-01,199.39,"pre",12
"Barro Colorado Island",1950-01-01,5.08,"pre",1
"Barro Colorado Island",1950-02-01,47.498,"pre",2
"Barro Colorado Island",1950-03-01,12.192,"pre",3
"Barro Colorado Island",1950-04-01,69.342,"pre",4
"Barro Colorado Island",1950-05-01,199.644,"pre",5
"Barro Colorado Island",1950-06-01,372.364,"pre",6
"Barro Colorado Island",1950-07-01,314.198,"pre",7
"Barro Colorado Island",1950-08-01,291.592,"pre",8
"Barro Colorado Island",1950-09-01,182.88,"pre",9
"Barro Colorado Island",1950-10-01,356.108,"pre",10
"Barro Colorado Island",1950-11-01,614.168,"pre",11
"Barro Colorado Island",1950-12-01,443.23,"pre",12
"Barro Colorado Island",1951-01-01,56.134,"pre",1
"Barro Colorado Island",1951-02-01,95.504,"pre",2
"Barro Colorado Island",1951-03-01,7.62,"pre",3
"Barro Colorado Island",1951-04-01,216.662,"pre",4
"Barro Colorado Island",1951-05-01,309.626,"pre",5
"Barro Colorado Island",1951-06-01,277.876,"pre",6
"Barro Colorado Island",1951-07-01,137.16,"pre",7
"Barro Colorado Island",1951-08-01,286.766,"pre",8
"Barro Colorado Island",1951-09-01,244.348,"pre",9
"Barro Colorado Island",1951-10-01,493.524,"pre",10
"Barro Colorado Island",1951-11-01,406.4,"pre",11
"Barro Colorado Island",1951-12-01,332.234,"pre",12
"Barro Colorado Island",1952-01-01,60.96,"pre",1
"Barro Colorado Island",1952-02-01,9.906,"pre",2
"Barro Colorado Island",1952-03-01,2.794,"pre",3
"Barro Colorado Island",1952-04-01,138.43,"pre",4
"Barro Colorado Island",1952-05-01,314.452,"pre",5
"Barro Colorado Island",1952-06-01,298.704,"pre",6
"Barro Colorado Island",1952-07-01,152.654,"pre",7
"Barro Colorado Island",1952-08-01,231.394,"pre",8
"Barro Colorado Island",1952-09-01,282.702,"pre",9
"Barro Colorado Island",1952-10-01,432.058,"pre",10
"Barro Colorado Island",1952-11-01,241.3,"pre",11
"Barro Colorado Island",1952-12-01,316.23,"pre",12
"Barro Colorado Island",1953-01-01,109.22,"pre",1
"Barro Colorado Island",1953-02-01,17.526,"pre",2
"Barro Colorado Island",1953-03-01,31.75,"pre",3
"Barro Colorado Island",1953-04-01,168.656,"pre",4
"Barro Colorado Island",1953-05-01,233.934,"pre",5
"Barro Colorado Island",1953-06-01,66.802,"pre",6
"Barro Colorado Island",1953-07-01,404.622,"pre",7
"Barro Colorado Island",1953-08-01,396.24,"pre",8
"Barro Colorado Island",1953-09-01,144.78,"pre",9
"Barro Colorado Island",1953-10-01,464.058,"pre",10
"Barro Colorado Island",1953-11-01,489.714,"pre",11
"Barro Colorado Island",1953-12-01,110.236,"pre",12
"Barro Colorado Island",1954-01-01,31.496,"pre",1
"Barro Colorado Island",1954-02-01,32.766,"pre",2
"Barro Colorado Island",1954-03-01,5.334,"pre",3
"Barro Colorado Island",1954-04-01,78.74,"pre",4
"Barro Colorado Island",1954-05-01,281.686,"pre",5
"Barro Colorado Island",1954-06-01,403.724,"pre",6
"Barro Colorado Island",1954-07-01,382.27,"pre",7
"Barro Colorado Island",1954-08-01,328.168,"pre",8
"Barro Colorado Island",1954-09-01,284.226,"pre",9
"Barro Colorado Island",1954-10-01,333.756,"pre",10
"Barro Colorado Island",1954-11-01,435.358,"pre",11
"Barro Colorado Island",1954-12-01,184.15,"pre",12
"Barro Colorado Island",1955-01-01,229.868,"pre",1
"Barro Colorado Island",1955-02-01,11.684,"pre",2
"Barro Colorado Island",1955-03-01,22.86,"pre",3
"Barro Colorado Island",1955-04-01,10.668,"pre",4
"Barro Colorado Island",1955-05-01,268.732,"pre",5
"Barro Colorado Island",1955-06-01,343.916,"pre",6
"Barro Colorado Island",1955-07-01,291.846,"pre",7
"Barro Colorado Island",1955-08-01,288.544,"pre",8
"Barro Colorado Island",1955-09-01,235.458,"pre",9
"Barro Colorado Island",1955-10-01,414.786,"pre",10
"Barro Colorado Island",1955-11-01,468.884,"pre",11
"Barro Colorado Island",1955-12-01,323.088,"pre",12
"Barro Colorado Island",1956-01-01,141.478,"pre",1
"Barro Colorado Island",1956-02-01,53.594,"pre",2
"Barro Colorado Island",1956-03-01,56.896,"pre",3
"Barro Colorado Island",1956-04-01,66.294,"pre",4
"Barro Colorado Island",1956-05-01,420.37,"pre",5
"Barro Colorado Island",1956-06-01,175.26,"pre",6
"Barro Colorado Island",1956-07-01,496.57,"pre",7
"Barro Colorado Island",1956-08-01,240.792,"pre",8
"Barro Colorado Island",1956-09-01,286.258,"pre",9
"Barro Colorado Island",1956-10-01,473.456,"pre",10
"Barro Colorado Island",1956-11-01,148.596,"pre",11
"Barro Colorado Island",1956-12-01,172.974,"pre",12
"Barro Colorado Island",1957-01-01,14.224,"pre",1
"Barro Colorado Island",1957-02-01,14.478,"pre",2
"Barro Colorado Island",1957-03-01,0.508,"pre",3
"Barro Colorado Island",1957-04-01,1.27,"pre",4
"Barro Colorado Island",1957-05-01,161.798,"pre",5
"Barro Colorado Island",1957-06-01,151.638,"pre",6
"Barro Colorado Island",1957-07-01,275.844,"pre",7
"Barro Colorado Island",1957-08-01,549.144,"pre",8
"Barro Colorado Island",1957-09-01,314.96,"pre",9
"Barro Colorado Island",1957-10-01,437.392,"pre",10
"Barro Colorado Island",1957-11-01,4.572,"pre",11
"Barro Colorado Island",1957-12-01,103.886,"pre",12
"Barro Colorado Island",1958-01-01,108.204,"pre",1
"Barro Colorado Island",1958-02-01,186.434,"pre",2
"Barro Colorado Island",1958-03-01,75.692,"pre",3
"Barro Colorado Island",1958-04-01,120.142,"pre",4
"Barro Colorado Island",1958-05-01,310.388,"pre",5
"Barro Colorado Island",1958-06-01,225.806,"pre",6
"Barro Colorado Island",1958-07-01,242.316,"pre",7
"Barro Colorado Island",1958-08-01,313.69,"pre",8
"Barro Colorado Island",1958-09-01,270.256,"pre",9
"Barro Colorado Island",1958-10-01,391.668,"pre",10
"Barro Colorado Island",1958-11-01,181.864,"pre",11
"Barro Colorado Island",1958-12-01,118.618,"pre",12
"Barro Colorado Island",1959-01-01,8.128,"pre",1
"Barro Colorado Island",1959-02-01,0.508,"pre",2
"Barro Colorado Island",1959-03-01,2.794,"pre",3
"Barro Colorado Island",1959-04-01,33.782,"pre",4
"Barro Colorado Island",1959-05-01,147.126,"pre",5
"Barro Colorado Island",1959-06-01,210.566,"pre",6
"Barro Colorado Island",1959-07-01,225.044,"pre",7
"Barro Colorado Island",1959-08-01,218.948,"pre",8
"Barro Colorado Island",1959-09-01,373.126,"pre",9
"Barro Colorado Island",1959-10-01,229.362,"pre",10
"Barro Colorado Island",1959-11-01,257.048,"pre",11
"Barro Colorado Island",1959-12-01,613.16,"pre",12
"Barro Colorado Island",1960-01-01,75.184,"pre",1
"Barro Colorado Island",1960-02-01,23.622,"pre",2
"Barro Colorado Island",1960-03-01,72.82,"pre",3
"Barro Colorado Island",1960-04-01,463.804,"pre",4
"Barro Colorado Island",1960-05-01,394.462,"pre",5
"Barro Colorado Island",1960-06-01,292.862,"pre",6
"Barro Colorado Island",1960-07-01,291.084,"pre",7
"Barro Colorado Island",1960-08-01,178.054,"pre",8
"Barro Colorado Island",1960-09-01,235.966,"pre",9
"Barro Colorado Island",1960-10-01,487.172,"pre",10
"Barro Colorado Island",1960-11-01,419.354,"pre",11
"Barro Colorado Island",1960-12-01,567.69,"pre",12
"Barro Colorado Island",1961-01-01,31.242,"pre",1
"Barro Colorado Island",1961-02-01,6.096,"pre",2
"Barro Colorado Island",1961-03-01,18.034,"pre",3
"Barro Colorado Island",1961-04-01,138.43,"pre",4
"Barro Colorado Island",1961-05-01,199.644,"pre",5
"Barro Colorado Island",1961-06-01,271.78,"pre",6
"Barro Colorado Island",1961-07-01,176.784,"pre",7
"Barro Colorado Island",1961-08-01,501.142,"pre",8
"Barro Colorado Island",1961-09-01,338.582,"pre",9
"Barro Colorado Island",1961-10-01,437.388,"pre",10
"Barro Colorado Island",1961-11-01,275.336,"pre",11
"Barro Colorado Island",1961-12-01,151.13,"pre",12
"Barro Colorado Island",1962-01-01,47.244,"pre",1
"Barro Colorado Island",1962-02-01,17.018,"pre",2
"Barro Colorado Island",1962-03-01,0,"pre",3
"Barro Colorado Island",1962-04-01,0,"pre",4
"Barro Colorado Island",1962-05-01,326.136,"pre",5
"Barro Colorado Island",1962-06-01,257.302,"pre",6
"Barro Colorado Island",1962-07-01,336.804,"pre",7
"Barro Colorado Island",1962-08-01,335.534,"pre",8
"Barro Colorado Island",1962-09-01,344.33,"pre",9
"Barro Colorado Island",1962-10-01,2.13,"pre",10
"Barro Colorado Island",1962-11-01,351.028,"pre",11
"Barro Colorado Island",1962-12-01,274.574,"pre",12
"Barro Colorado Island",1963-01-01,201.676,"pre",1
"Barro Colorado Island",1963-02-01,79.756,"pre",2
"Barro Colorado Island",1963-03-01,41.91,"pre",3
"Barro Colorado Island",1963-04-01,162.052,"pre",4
"Barro Colorado Island",1963-05-01,230.632,"pre",5
"Barro Colorado Island",1963-06-01,151.384,"pre",6
"Barro Colorado Island",1963-07-01,325.882,"pre",7
"Barro Colorado Island",1963-08-01,479.298,"pre",8
"Barro Colorado Island",1963-09-01,204.724,"pre",9
"Barro Colorado Island",1963-10-01,258.826,"pre",10
"Barro Colorado Island",1963-11-01,548.64,"pre",11
"Barro Colorado Island",1963-12-01,82.296,"pre",12
"Barro Colorado Island",1964-01-01,5.588,"pre",1
"Barro Colorado Island",1964-02-01,6.35,"pre",2
"Barro Colorado Island",1964-03-01,5.334,"pre",3
"Barro Colorado Island",1964-04-01,115.824,"pre",4
"Barro Colorado Island",1964-05-01,401.828,"pre",5
"Barro Colorado Island",1964-06-01,488.952,"pre",6
"Barro Colorado Island",1964-07-01,441.706,"pre",7
"Barro Colorado Island",1964-08-01,217.424,"pre",8
"Barro Colorado Island",1964-09-01,289.814,"pre",9
"Barro Colorado Island",1964-10-01,428.498,"pre",10
"Barro Colorado Island",1964-11-01,407.416,"pre",11
"Barro Colorado Island",1964-12-01,66.548,"pre",12
"Barro Colorado Island",1965-01-01,70.612,"pre",1
"Barro Colorado Island",1965-02-01,6.604,"pre",2
"Barro Colorado Island",1965-03-01,5.334,"pre",3
"Barro Colorado Island",1965-04-01,27.432,"pre",4
"Barro Colorado Island",1965-05-01,250.952,"pre",5
"Barro Colorado Island",1965-06-01,206.502,"pre",6
"Barro Colorado Island",1965-07-01,196.85,"pre",7
"Barro Colorado Island",1965-08-01,251.46,"pre",8
"Barro Colorado Island",1965-09-01,302.51,"pre",9
"Barro Colorado Island",1965-10-01,275.59,"pre",10
"Barro Colorado Island",1965-11-01,584.2,"pre",11
"Barro Colorado Island",1965-12-01,179.07,"pre",12
"Barro Colorado Island",1966-01-01,82.042,"pre",1
"Barro Colorado Island",1966-02-01,3.81,"pre",2
"Barro Colorado Island",1966-03-01,0,"pre",3
"Barro Colorado Island",1966-04-01,81.28,"pre",4
"Barro Colorado Island",1966-05-01,163.068,"pre",5
"Barro Colorado Island",1966-06-01,346.71,"pre",6
"Barro Colorado Island",1966-07-01,234.696,"pre",7
"Barro Colorado Island",1966-08-01,359.918,"pre",8
"Barro Colorado Island",1966-09-01,252.222,"pre",9
"Barro Colorado Island",1966-10-01,325.374,"pre",10
"Barro Colorado Island",1966-11-01,602.484,"pre",11
"Barro Colorado Island",1966-12-01,356.108,"pre",12
"Barro Colorado Island",1967-01-01,12.446,"pre",1
"Barro Colorado Island",1967-02-01,12.954,"pre",2
"Barro Colorado Island",1967-03-01,13.208,"pre",3
"Barro Colorado Island",1967-04-01,111.252,"pre",4
"Barro Colorado Island",1967-05-01,159.512,"pre",5
"Barro Colorado Island",1967-06-01,343.916,"pre",6
"Barro Colorado Island",1967-07-01,221.996,"pre",7
"Barro Colorado Island",1967-08-01,277.876,"pre",8
"Barro Colorado Island",1967-09-01,177.292,"pre",9
"Barro Colorado Island",1967-10-01,301.498,"pre",10
"Barro Colorado Island",1967-11-01,384.81,"pre",11
"Barro Colorado Island",1967-12-01,164.592,"pre",12
"Barro Colorado Island",1968-01-01,2.286,"pre",1
"Barro Colorado Island",1968-02-01,30.734,"pre",2
"Barro Colorado Island",1968-03-01,91.186,"pre",3
"Barro Colorado Island",1968-04-01,15.494,"pre",4
"Barro Colorado Island",1968-05-01,293.116,"pre",5
"Barro Colorado Island",1968-06-01,259.334,"pre",6
"Barro Colorado Island",1968-07-01,166.116,"pre",7
"Barro Colorado Island",1968-08-01,403.098,"pre",8
"Barro Colorado Island",1968-09-01,179.832,"pre",9
"Barro Colorado Island",1968-10-01,473.964,"pre",10
"Barro Colorado Island",1968-11-01,262.128,"pre",11
"Barro Colorado Island",1968-12-01,46.228,"pre",12
"Barro Colorado Island",1969-01-01,44.196,"pre",1
"Barro Colorado Island",1969-02-01,13.208,"pre",2
"Barro Colorado Island",1969-03-01,8.636,"pre",3
"Barro Colorado Island",1969-04-01,126.746,"pre",4
"Barro Colorado Island",1969-05-01,253.746,"pre",5
"Barro Colorado Island",1969-06-01,152.654,"pre",6
"Barro Colorado Island",1969-07-01,312.166,"pre",7
"Barro Colorado Island",1969-08-01,152.908,"pre",8
"Barro Colorado Island",1969-09-01,221.996,"pre",9
"Barro Colorado Island",1969-10-01,315.972,"pre",10
"Barro Colorado Island",1969-11-01,330.708,"pre",11
"Barro Colorado Island",1969-12-01,259.588,"pre",12
"Barro Colorado Island",1970-01-01,300.226,"pre",1
"Barro Colorado Island",1970-02-01,71.882,"pre",2
"Barro Colorado Island",1970-03-01,36.322,"pre",3
"Barro Colorado Island",1970-04-01,106.934,"pre",4
"Barro Colorado Island",1970-05-01,456.692,"pre",5
"Barro Colorado Island",1970-06-01,216.408,"pre",6
"Barro Colorado Island",1970-07-01,338.328,"pre",7
"Barro Colorado Island",1970-08-01,357.876,"pre",8
"Barro Colorado Island",1970-09-01,130.81,"pre",9
"Barro Colorado Island",1970-10-01,277.114,"pre",10
"Barro Colorado Island",1970-11-01,507.238,"pre",11
"Barro Colorado Island",1970-12-01,426.974,"pre",12
"Barro Colorado Island",1971-01-01,105.918,"pre",1
"Barro Colorado Island",1971-02-01,17.272,"pre",2
"Barro Colorado Island",1971-03-01,57.404,"pre",3
"Barro Colorado Island",1971-04-01,6.35,"pre",4
"Barro Colorado Island",1971-05-01,619.125,"pre",5
"Barro Colorado Island",1971-06-01,177.546,"pre",6
"Barro Colorado Island",1971-07-01,280.162,"pre",7
"Barro Colorado Island",1971-08-01,293.624,"pre",8
"Barro Colorado Island",1971-09-01,270.511,"pre",9
"Barro Colorado Island",1971-10-01,168.402,"pre",10
"Barro Colorado Island",1971-11-01,314.706,"pre",11
"Barro Colorado Island",1971-12-01,30.988,"pre",12
"Barro Colorado Island",1972-01-01,163.322,"pre",1
"Barro Colorado Island",1972-02-01,40.894,"pre",2
"Barro Colorado Island",1972-03-01,17.272,"pre",3
"Barro Colorado Island",1972-04-01,127.254,"pre",4
"Barro Colorado Island",1972-05-01,227.838,"pre",5
"Barro Colorado Island",1972-06-01,286.512,"pre",6
"Barro Colorado Island",1972-07-01,126.492,"pre",7
"Barro Colorado Island",1972-08-01,236.728,"pre",8
"Barro Colorado Island",1972-09-01,346.456,"pre",9
"Barro Colorado Island",1972-10-01,347.726,"pre",10
"Barro Colorado Island",1972-11-01,176.53,"pre",11
"Barro Colorado Island",1972-12-01,185.42,"pre",12
"Barro Colorado Island",1973-01-01,58.166,"pre",1
"Barro Colorado Island",1973-02-01,17.526,"pre",2
"Barro Colorado Island",1973-03-01,2.286,"pre",3
"Barro Colorado Island",1973-04-01,19.304,"pre",4
"Barro Colorado Island",1973-05-01,273.812,"pre",5
"Barro Colorado Island",1973-06-01,320.294,"pre",6
"Barro Colorado Island",1973-07-01,231.394,"pre",7
"Barro Colorado Island",1973-08-01,357.886,"pre",8
"Barro Colorado Island",1973-09-01,341.668,"pre",9
"Barro Colorado Island",1973-10-01,261.366,"pre",10
"Barro Colorado Island",1973-11-01,576.966,"pre",11
"Barro Colorado Island",1973-12-01,45.302,"pre",12
"Barro Colorado Island",1974-01-01,15.1,"pre",1
"Barro Colorado Island",1974-02-01,17.2,"pre",2
"Barro Colorado Island",1974-03-01,45.1,"pre",3
"Barro Colorado Island",1974-04-01,13.8,"pre",4
"Barro Colorado Island",1974-05-01,134.301,"pre",5
"Barro Colorado Island",1974-06-01,310.654,"pre",6
"Barro Colorado Island",1974-07-01,353.3,"pre",7
"Barro Colorado Island",1974-08-01,281,"pre",8
"Barro Colorado Island",1974-09-01,460.2,"pre",9
"Barro Colorado Island",1974-10-01,544,"pre",10
"Barro Colorado Island",1974-11-01,486.96,"pre",11
"Barro Colorado Island",1974-12-01,175.9,"pre",12
"Barro Colorado Island",1975-01-01,5.3,"pre",1
"Barro Colorado Island",1975-02-01,15.4,"pre",2
"Barro Colorado Island",1975-03-01,42.9,"pre",3
"Barro Colorado Island",1975-04-01,53.2,"pre",4
"Barro Colorado Island",1975-05-01,304.1,"pre",5
"Barro Colorado Island",1975-06-01,260.9,"pre",6
"Barro Colorado Island",1975-07-01,262.8,"pre",7
"Barro Colorado Island",1975-08-01,337.1,"pre",8
"Barro Colorado Island",1975-09-01,337.2,"pre",9
"Barro Colorado Island",1975-10-01,437.299,"pre",10
"Barro Colorado Island",1975-11-01,389.4,"pre",11
"Barro Colorado Island",1975-12-01,401.4,"pre",12
"Barro Colorado Island",1976-01-01,39.4,"pre",1
"Barro Colorado Island",1976-02-01,3.4,"pre",2
"Barro Colorado Island",1976-03-01,13,"pre",3
"Barro Colorado Island",1976-04-01,69.15,"pre",4
"Barro Colorado Island",1976-05-01,203.401,"pre",5
"Barro Colorado Island",1976-06-01,260.74,"pre",6
"Barro Colorado Island",1976-07-01,90.62,"pre",7
"Barro Colorado Island",1976-08-01,226.179,"pre",8
"Barro Colorado Island",1976-09-01,393.8,"pre",9
"Barro Colorado Island",1976-10-01,246.299,"pre",10
"Barro Colorado Island",1976-11-01,252.599,"pre",11
"Barro Colorado Island",1976-12-01,31.9,"pre",12
"Barro Colorado Island",1977-01-01,31,"pre",1
"Barro Colorado Island",1977-02-01,58.6,"pre",2
"Barro Colorado Island",1977-03-01,18,"pre",3
"Barro Colorado Island",1977-04-01,7,"pre",4
"Barro Colorado Island",1977-05-01,165.8,"pre",5
"Barro Colorado Island",1977-06-01,227.9,"pre",6
"Barro Colorado Island",1977-07-01,181.03,"pre",7
"Barro Colorado Island",1977-08-01,672.37,"pre",8
"Barro Colorado Island",1977-09-01,257,"pre",9
"Barro Colorado Island",1977-10-01,470.2,"pre",10
"Barro Colorado Island",1977-11-01,450.401,"pre",11
"Barro Colorado Island",1977-12-01,59.8,"pre",12
"Barro Colorado Island",1978-01-01,18.8,"pre",1
"Barro Colorado Island",1978-02-01,32.2,"pre",2
"Barro Colorado Island",1978-03-01,54,"pre",3
"Barro Colorado Island",1978-04-01,217.4,"pre",4
"Barro Colorado Island",1978-05-01,197.7,"pre",5
"Barro Colorado Island",1978-06-01,239.4,"pre",6
"Barro Colorado Island",1978-07-01,278.6,"pre",7
"Barro Colorado Island",1978-08-01,275.4,"pre",8
"Barro Colorado Island",1978-09-01,155.601,"pre",9
"Barro Colorado Island",1978-10-01,327.2,"pre",10
"Barro Colorado Island",1978-11-01,307.1,"pre",11
"Barro Colorado Island",1978-12-01,36.28,"pre",12
"Barro Colorado Island",1979-01-01,14,"pre",1
"Barro Colorado Island",1979-02-01,32.8,"pre",2
"Barro Colorado Island",1979-03-01,10.38,"pre",3
"Barro Colorado Island",1979-04-01,292.7,"pre",4
"Barro Colorado Island",1979-05-01,290.1,"pre",5
"Barro Colorado Island",1979-06-01,322.832,"pre",6
"Barro Colorado Island",1979-07-01,262.388,"pre",7
"Barro Colorado Island",1979-08-01,365.1,"pre",8
"Barro Colorado Island",1979-09-01,275.42,"pre",9
"Barro Colorado Island",1979-10-01,273.4,"pre",10
"Barro Colorado Island",1979-11-01,324.5,"pre",11
"Barro Colorado Island",1979-12-01,271.9,"pre",12
"Barro Colorado Island",1980-01-01,124.59,"pre",1
"Barro Colorado Island",1980-02-01,58.4,"pre",2
"Barro Colorado Island",1980-03-01,11.3,"pre",3
"Barro Colorado Island",1980-04-01,20,"pre",4
"Barro Colorado Island",1980-05-01,273.7,"pre",5
"Barro Colorado Island",1980-06-01,304.1,"pre",6
"Barro Colorado Island",1980-07-01,216.4,"pre",7
"Barro Colorado Island",1980-08-01,253.168,"pre",8
"Barro Colorado Island",1980-09-01,230.032,"pre",9
"Barro Colorado Island",1980-10-01,313.5,"pre",10
"Barro Colorado Island",1980-11-01,375.1,"pre",11
"Barro Colorado Island",1980-12-01,197.2,"pre",12
"Barro Colorado Island",1981-01-01,376.4,"pre",1
"Barro Colorado Island",1981-02-01,92.2,"pre",2
"Barro Colorado Island",1981-03-01,64.4,"pre",3
"Barro Colorado Island",1981-04-01,363.5,"pre",4
"Barro Colorado Island",1981-05-01,404.311,"pre",5
"Barro Colorado Island",1981-06-01,546.989,"pre",6
"Barro Colorado Island",1981-07-01,334.5,"pre",7
"Barro Colorado Island",1981-08-01,425.155,"pre",8
"Barro Colorado Island",1981-09-01,241.65,"pre",9
"Barro Colorado Island",1981-10-01,379.35,"pre",10
"Barro Colorado Island",1981-11-01,711.6,"pre",11
"Barro Colorado Island",1981-12-01,546.4,"pre",12
"Barro Colorado Island",1982-01-01,146.25,"pre",1
"Barro Colorado Island",1982-02-01,14.05,"pre",2
"Barro Colorado Island",1982-03-01,23.35,"pre",3
"Barro Colorado Island",1982-04-01,102.3,"pre",4
"Barro Colorado Island",1982-05-01,131.635,"pre",5
"Barro Colorado Island",1982-06-01,245.315,"pre",6
"Barro Colorado Island",1982-07-01,186.35,"pre",7
"Barro Colorado Island",1982-08-01,306.251,"pre",8
"Barro Colorado Island",1982-09-01,324.098,"pre",9
"Barro Colorado Island",1982-10-01,316.85,"pre",10
"Barro Colorado Island",1982-11-01,116.68,"pre",11
"Barro Colorado Island",1982-12-01,37.575,"pre",12
"Barro Colorado Island",1983-01-01,22.45,"pre",1
"Barro Colorado Island",1983-02-01,2.7,"pre",2
"Barro Colorado Island",1983-03-01,3.55,"pre",3
"Barro Colorado Island",1983-04-01,105.7,"pre",4
"Barro Colorado Island",1983-05-01,260.95,"pre",5
"Barro Colorado Island",1983-06-01,331.1,"pre",6
"Barro Colorado Island",1983-07-01,327.25,"pre",7
"Barro Colorado Island",1983-08-01,232.45,"pre",8
"Barro Colorado Island",1983-09-01,347.6,"pre",9
"Barro Colorado Island",1983-10-01,267.45,"pre",10
"Barro Colorado Island",1983-11-01,475.35,"pre",11
"Barro Colorado Island",1983-12-01,292.9,"pre",12
"Barro Colorado Island",1984-01-01,112.7,"pre",1
"Barro Colorado Island",1984-02-01,57.25,"pre",2
"Barro Colorado Island",1984-03-01,22.3,"pre",3
"Barro Colorado Island",1984-04-01,65.9,"pre",4
"Barro Colorado Island",1984-05-01,166.15,"pre",5
"Barro Colorado Island",1984-06-01,269.7,"pre",6
"Barro Colorado Island",1984-07-01,306.6,"pre",7
"Barro Colorado Island",1984-08-01,396.75,"pre",8
"Barro Colorado Island",1984-09-01,419.25,"pre",9
"Barro Colorado Island",1984-10-01,588.65,"pre",10
"Barro Colorado Island",1984-11-01,718.3,"pre",11
"Barro Colorado Island",1984-12-01,24.15,"pre",12
"Barro Colorado Island",1985-01-01,33.4,"pre",1
"Barro Colorado Island",1985-02-01,33.1,"pre",2
"Barro Colorado Island",1985-03-01,26.9,"pre",3
"Barro Colorado Island",1985-04-01,5.3,"pre",4
"Barro Colorado Island",1985-05-01,290.801,"pre",5
"Barro Colorado Island",1985-06-01,242.4,"pre",6
"Barro Colorado Island",1985-07-01,259.6,"pre",7
"Barro Colorado Island",1985-08-01,267.8,"pre",8
"Barro Colorado Island",1985-09-01,169.859,"pre",9
"Barro Colorado Island",1985-10-01,381,"pre",10
"Barro Colorado Island",1985-11-01,183.831,"pre",11
"Barro Colorado Island",1985-12-01,319.345,"pre",12
"Barro Colorado Island",1986-01-01,75.945,"pre",1
"Barro Colorado Island",1986-02-01,11.938,"pre",2
"Barro Colorado Island",1986-03-01,50.546,"pre",3
"Barro Colorado Island",1986-04-01,116.841,"pre",4
"Barro Colorado Island",1986-05-01,123.953,"pre",5
"Barro Colorado Island",1986-06-01,257.05,"pre",6
"Barro Colorado Island",1986-07-01,98.551,"pre",7
"Barro Colorado Island",1986-08-01,329.057,"pre",8
"Barro Colorado Island",1986-09-01,293.243,"pre",9
"Barro Colorado Island",1986-10-01,492.252,"pre",10
"Barro Colorado Island",1986-11-01,241.809,"pre",11
"Barro Colorado Island",1986-12-01,122.174,"pre",12
"Barro Colorado Island",1987-01-01,21.082,"pre",1
"Barro Colorado Island",1987-02-01,59.436,"pre",2
"Barro Colorado Island",1987-03-01,5.334,"pre",3
"Barro Colorado Island",1987-04-01,265.938,"pre",4
"Barro Colorado Island",1987-05-01,429.006,"pre",5
"Barro Colorado Island",1987-06-01,178.943,"pre",6
"Barro Colorado Island",1987-07-01,315.722,"pre",7
"Barro Colorado Island",1987-08-01,493.745,"pre",8
"Barro Colorado Island",1987-09-01,286.162,"pre",9
"Barro Colorado Island",1987-10-01,375.285,"pre",10
"Barro Colorado Island",1987-11-01,315.469,"pre",11
"Barro Colorado Island",1987-12-01,199.073,"pre",12
"Barro Colorado Island",1988-01-01,13.209,"pre",1
"Barro Colorado Island",1988-02-01,35.243,"pre",2
"Barro Colorado Island",1988-03-01,11.43,"pre",3
"Barro Colorado Island",1988-04-01,13.97,"pre",4
"Barro Colorado Island",1988-05-01,281.179,"pre",5
"Barro Colorado Island",1988-06-01,223.33,"pre",6
"Barro Colorado Island",1988-07-01,246.507,"pre",7
"Barro Colorado Island",1988-08-01,216.726,"pre",8
"Barro Colorado Island",1988-09-01,477.52,"pre",9
"Barro Colorado Island",1988-10-01,415.544,"pre",10
"Barro Colorado Island",1988-11-01,338.011,"pre",11
"Barro Colorado Island",1988-12-01,319.913,"pre",12
"Barro Colorado Island",1989-01-01,14.986,"pre",1
"Barro Colorado Island",1989-02-01,79.248,"pre",2
"Barro Colorado Island",1989-03-01,28.575,"pre",3
"Barro Colorado Island",1989-04-01,10.668,"pre",4
"Barro Colorado Island",1989-05-01,140.335,"pre",5
"Barro Colorado Island",1989-06-01,188.214,"pre",6
"Barro Colorado Island",1989-07-01,282.702,"pre",7
"Barro Colorado Island",1989-08-01,251.841,"pre",8
"Barro Colorado Island",1989-09-01,152.146,"pre",9
"Barro Colorado Island",1989-10-01,419.227,"pre",10
"Barro Colorado Island",1989-11-01,357.759,"pre",11
"Barro Colorado Island",1989-12-01,227.003,"pre",12
"Barro Colorado Island",1990-01-01,18.669,"pre",1
"Barro Colorado Island",1990-02-01,8.446,"pre",2
"Barro Colorado Island",1990-03-01,59.055,"pre",3
"Barro Colorado Island",1990-04-01,171.196,"pre",4
"Barro Colorado Island",1990-05-01,485.394,"pre",5
"Barro Colorado Island",1990-06-01,123.063,"pre",6
"Barro Colorado Island",1990-07-01,362.585,"pre",7
"Barro Colorado Island",1990-08-01,234.696,"pre",8
"Barro Colorado Island",1990-09-01,349.885,"pre",9
"Barro Colorado Island",1990-10-01,469.011,"pre",10
"Barro Colorado Island",1990-11-01,286.005,"pre",11
"Barro Colorado Island",1990-12-01,168.213,"pre",12
"Barro Colorado Island",1991-01-01,10.77,"pre",1
"Barro Colorado Island",1991-02-01,29.705,"pre",2
"Barro Colorado Island",1991-03-01,172.568,"pre",3
"Barro Colorado Island",1991-04-01,18.86,"pre",4
"Barro Colorado Island",1991-05-01,343.662,"pre",5
"Barro Colorado Island",1991-06-01,212.729,"pre",6
"Barro Colorado Island",1991-07-01,304.366,"pre",7
"Barro Colorado Island",1991-08-01,254.956,"pre",8
"Barro Colorado Island",1991-09-01,332.714,"pre",9
"Barro Colorado Island",1991-10-01,286.196,"pre",10
"Barro Colorado Island",1991-11-01,410.005,"pre",11
"Barro Colorado Island",1991-12-01,98.636,"pre",12
"Barro Colorado Island",1992-01-01,33.782,"pre",1
"Barro Colorado Island",1992-02-01,3.048,"pre",2
"Barro Colorado Island",1992-03-01,9.4,"pre",3
"Barro Colorado Island",1992-04-01,156.54,"pre",4
"Barro Colorado Island",1992-05-01,508.492,"pre",5
"Barro Colorado Island",1992-06-01,407.941,"pre",6
"Barro Colorado Island",1992-07-01,237.618,"pre",7
"Barro Colorado Island",1992-08-01,319.187,"pre",8
"Barro Colorado Island",1992-09-01,422.051,"pre",9
"Barro Colorado Island",1992-10-01,437.325,"pre",10
"Barro Colorado Island",1992-11-01,375.095,"pre",11
"Barro Colorado Island",1992-12-01,160.846,"pre",12
"Barro Colorado Island",1993-01-01,109.601,"pre",1
"Barro Colorado Island",1993-02-01,26.734,"pre",2
"Barro Colorado Island",1993-03-01,66.522,"pre",3
"Barro Colorado Island",1993-04-01,124.208,"pre",4
"Barro Colorado Island",1993-05-01,185.865,"pre",5
"Barro Colorado Island",1993-06-01,217.296,"pre",6
"Barro Colorado Island",1993-07-01,281.018,"pre",7
"Barro Colorado Island",1993-08-01,272.894,"pre",8
"Barro Colorado Island",1993-09-01,440.057,"pre",9
"Barro Colorado Island",1993-10-01,398.141,"pre",10
"Barro Colorado Island",1993-11-01,394.531,"pre",11
"Barro Colorado Island",1993-12-01,201.994,"pre",12
"Barro Colorado Island",1994-01-01,84.9,"pre",1
"Barro Colorado Island",1994-02-01,4.953,"pre",2
"Barro Colorado Island",1994-03-01,64.389,"pre",3
"Barro Colorado Island",1994-04-01,48.143,"pre",4
"Barro Colorado Island",1994-05-01,249.038,"pre",5
"Barro Colorado Island",1994-06-01,287.275,"pre",6
"Barro Colorado Island",1994-07-01,354.634,"pre",7
"Barro Colorado Island",1994-08-01,302.343,"pre",8
"Barro Colorado Island",1994-09-01,240.539,"pre",9
"Barro Colorado Island",1994-10-01,240.031,"pre",10
"Barro Colorado Island",1994-11-01,375.667,"pre",11
"Barro Colorado Island",1994-12-01,37.085,"pre",12
"Barro Colorado Island",1995-01-01,149.86,"pre",1
"Barro Colorado Island",1995-02-01,34.609,"pre",2
"Barro Colorado Island",1995-03-01,8.674,"pre",3
"Barro Colorado Island",1995-04-01,126.583,"pre",4
"Barro Colorado Island",1995-05-01,326.465,"pre",5
"Barro Colorado Island",1995-06-01,330.709,"pre",6
"Barro Colorado Island",1995-07-01,276.163,"pre",7
"Barro Colorado Island",1995-08-01,197.715,"pre",8
"Barro Colorado Island",1995-09-01,228.603,"pre",9
"Barro Colorado Island",1995-10-01,260.628,"pre",10
"Barro Colorado Island",1995-11-01,302.008,"pre",11
"Barro Colorado Island",1995-12-01,269.179,"pre",12
"Barro Colorado Island",1996-01-01,350.394,"pre",1
"Barro Colorado Island",1996-02-01,102.49,"pre",2
"Barro Colorado Island",1996-03-01,91.694,"pre",3
"Barro Colorado Island",1996-04-01,22.543,"pre",4
"Barro Colorado Island",1996-05-01,411.227,"pre",5
"Barro Colorado Island",1996-06-01,414.835,"pre",6
"Barro Colorado Island",1996-07-01,241.629,"pre",7
"Barro Colorado Island",1996-08-01,326.265,"pre",8
"Barro Colorado Island",1996-09-01,296.674,"pre",9
"Barro Colorado Island",1996-10-01,351.853,"pre",10
"Barro Colorado Island",1996-11-01,476.561,"pre",11
"Barro Colorado Island",1996-12-01,150.097,"pre",12
"Barro Colorado Island",1997-01-01,18.417,"pre",1
"Barro Colorado Island",1997-02-01,44.704,"pre",2
"Barro Colorado Island",1997-03-01,2.032,"pre",3
"Barro Colorado Island",1997-04-01,34.417,"pre",4
"Barro Colorado Island",1997-05-01,320.225,"pre",5
"Barro Colorado Island",1997-06-01,302.711,"pre",6
"Barro Colorado Island",1997-07-01,163.703,"pre",7
"Barro Colorado Island",1997-08-01,177.23,"pre",8
"Barro Colorado Island",1997-09-01,163.959,"pre",9
"Barro Colorado Island",1997-10-01,232.285,"pre",10
"Barro Colorado Island",1997-11-01,222.759,"pre",11
"Barro Colorado Island",1997-12-01,16.447,"pre",12
"Barro Colorado Island",1998-01-01,18.987,"pre",1
"Barro Colorado Island",1998-02-01,24.892,"pre",2
"Barro Colorado Island",1998-03-01,46.864,"pre",3
"Barro Colorado Island",1998-04-01,228.728,"pre",4
"Barro Colorado Island",1998-05-01,260.206,"pre",5
"Barro Colorado Island",1998-06-01,355.746,"pre",6
"Barro Colorado Island",1998-07-01,356.87,"pre",7
"Barro Colorado Island",1998-08-01,362.712,"pre",8
"Barro Colorado Island",1998-09-01,264.796,"pre",9
"Barro Colorado Island",1998-10-01,294.705,"pre",10
"Barro Colorado Island",1998-11-01,120.396,"pre",11
"Barro Colorado Island",1998-12-01,353.888,"pre",12
"Barro Colorado Island",1999-01-01,78.041,"pre",1
"Barro Colorado Island",1999-02-01,48.451,"pre",2
"Barro Colorado Island",1999-03-01,125.221,"pre",3
"Barro Colorado Island",1999-04-01,217.869,"pre",4
"Barro Colorado Island",1999-05-01,307.953,"pre",5
"Barro Colorado Island",1999-06-01,385.025,"pre",6
"Barro Colorado Island",1999-07-01,274.219,"pre",7
"Barro Colorado Island",1999-08-01,403.203,"pre",8
"Barro Colorado Island",1999-09-01,360.173,"pre",9
"Barro Colorado Island",1999-10-01,309.946,"pre",10
"Barro Colorado Island",1999-11-01,542.099,"pre",11
"Barro Colorado Island",1999-12-01,659.893,"pre",12
"Barro Colorado Island",2000-01-01,181.483,"pre",1
"Barro Colorado Island",2000-02-01,14.287,"pre",2
"Barro Colorado Island",2000-03-01,8.129,"pre",3
"Barro Colorado Island",2000-04-01,153.163,"pre",4
"Barro Colorado Island",2000-05-01,170.627,"pre",5
"Barro Colorado Island",2000-06-01,296.167,"pre",6
"Barro Colorado Island",2000-07-01,203.138,"pre",7
"Barro Colorado Island",2000-08-01,239.079,"pre",8
"Barro Colorado Island",2000-09-01,160.466,"pre",9
"Barro Colorado Island",2000-10-01,428.687,"pre",10
"Barro Colorado Island",2000-11-01,251.39,"pre",11
"Barro Colorado Island",2000-12-01,372.152,"pre",12
"Barro Colorado Island",2001-01-01,178.721,"pre",1
"Barro Colorado Island",2001-02-01,0.963,"pre",2
"Barro Colorado Island",2001-03-01,14.71,"pre",3
"Barro Colorado Island",2001-04-01,30.417,"pre",4
"Barro Colorado Island",2001-05-01,192.532,"pre",5
"Barro Colorado Island",2001-06-01,198.501,"pre",6
"Barro Colorado Island",2001-07-01,201.106,"pre",7
"Barro Colorado Island",2001-08-01,277.306,"pre",8
"Barro Colorado Island",2001-09-01,327.852,"pre",9
"Barro Colorado Island",2001-10-01,226.949,"pre",10
"Barro Colorado Island",2001-11-01,552.642,"pre",11
"Barro Colorado Island",2001-12-01,436.437,"pre",12
"Barro Colorado Island",2002-01-01,173.035,"pre",1
"Barro Colorado Island",2002-02-01,10.225,"pre",2
"Barro Colorado Island",2002-03-01,46.558,"pre",3
"Barro Colorado Island",2002-04-01,139.891,"pre",4
"Barro Colorado Island",2002-05-01,214.06,"pre",5
"Barro Colorado Island",2002-06-01,227.491,"pre",6
"Barro Colorado Island",2002-07-01,396.778,"pre",7
"Barro Colorado Island",2002-08-01,395.344,"pre",8
"Barro Colorado Island",2002-09-01,171.65,"pre",9
"Barro Colorado Island",2002-10-01,157.544,"pre",10
"Barro Colorado Island",2002-11-01,325.074,"pre",11
"Barro Colorado Island",2002-12-01,53.894,"pre",12
"Barro Colorado Island",2003-01-01,19.178,"pre",1
"Barro Colorado Island",2003-02-01,15.24,"pre",2
"Barro Colorado Island",2003-03-01,3.049,"pre",3
"Barro Colorado Island",2003-04-01,95.948,"pre",4
"Barro Colorado Island",2003-05-01,301.951,"pre",5
"Barro Colorado Island",2003-06-01,343.276,"pre",6
"Barro Colorado Island",2003-07-01,267.781,"pre",7
"Barro Colorado Island",2003-08-01,271.81,"pre",8
"Barro Colorado Island",2003-09-01,392.463,"pre",9
"Barro Colorado Island",2003-10-01,264.67,"pre",10
"Barro Colorado Island",2003-11-01,437.379,"pre",11
"Barro Colorado Island",2003-12-01,484.009,"pre",12
"Barro Colorado Island",2004-01-01,11.685,"pre",1
"Barro Colorado Island",2004-02-01,3.366,"pre",2
"Barro Colorado Island",2004-03-01,44.196,"pre",3
"Barro Colorado Island",2004-04-01,115.761,"pre",4
"Barro Colorado Island",2004-05-01,481.396,"pre",5
"Barro Colorado Island",2004-06-01,315.787,"pre",6
"Barro Colorado Island",2004-07-01,273.813,"pre",7
"Barro Colorado Island",2004-08-01,416.37,"pre",8
"Barro Colorado Island",2004-09-01,270.133,"pre",9
"Barro Colorado Island",2004-10-01,265.772,"pre",10
"Barro Colorado Island",2004-11-01,359.514,"pre",11
"Barro Colorado Island",2004-12-01,203.14,"pre",12
"Barro Colorado Island",2005-01-01,127,"pre",1
"Barro Colorado Island",2005-02-01,48.264,"pre",2
"Barro Colorado Island",2005-03-01,43.117,"pre",3
"Barro Colorado Island",2005-04-01,143.128,"pre",4
"Barro Colorado Island",2005-05-01,296.418,"pre",5
"Barro Colorado Island",2005-06-01,275.209,"pre",6
"Barro Colorado Island",2005-07-01,133.801,"pre",7
"Barro Colorado Island",2005-08-01,278.447,"pre",8
"Barro Colorado Island",2005-09-01,352.109,"pre",9
"Barro Colorado Island",2005-10-01,115.319,"pre",10
"Barro Colorado Island",2005-11-01,473.204,"pre",11
"Barro Colorado Island",2005-12-01,142.051,"pre",12
"Barro Colorado Island",2006-01-01,61.976,"pre",1
"Barro Colorado Island",2006-02-01,27.438,"pre",2
"Barro Colorado Island",2006-03-01,130.683,"pre",3
"Barro Colorado Island",2006-04-01,52.896,"pre",4
"Barro Colorado Island",2006-05-01,480.57,"pre",5
"Barro Colorado Island",2006-06-01,120.586,"pre",6
"Barro Colorado Island",2006-07-01,424.369,"pre",7
"Barro Colorado Island",2006-08-01,273.114,"pre",8
"Barro Colorado Island",2006-09-01,155.152,"pre",9
"Barro Colorado Island",2006-10-01,324.466,"pre",10
"Barro Colorado Island",2006-11-01,523.685,"pre",11
"Barro Colorado Island",2006-12-01,225.996,"pre",12
"Barro Colorado Island",2007-01-01,0.508,"pre",1
"Barro Colorado Island",2007-02-01,12.954,"pre",2
"Barro Colorado Island",2007-03-01,77.661,"pre",3
"Barro Colorado Island",2007-04-01,261.805,"pre",4
"Barro Colorado Island",2007-05-01,686.728,"pre",5
"Barro Colorado Island",2007-06-01,297.962,"pre",6
"Barro Colorado Island",2007-07-01,147.754,"pre",7
"Barro Colorado Island",2007-08-01,352.625,"pre",8
"Barro Colorado Island",2007-09-01,247.969,"pre",9
"Barro Colorado Island",2007-10-01,419.61,"pre",10
"Barro Colorado Island",2007-11-01,515.874,"pre",11
"Barro Colorado Island",2007-12-01,157.735,"pre",12
"Barro Colorado Island",2008-01-01,55.246,"pre",1
"Barro Colorado Island",2008-02-01,59.437,"pre",2
"Barro Colorado Island",2008-03-01,9.271,"pre",3
"Barro Colorado Island",2008-04-01,31.75,"pre",4
"Barro Colorado Island",2008-05-01,168.341,"pre",5
"Barro Colorado Island",2008-06-01,223.585,"pre",6
"Barro Colorado Island",2008-07-01,327.219,"pre",7
"Barro Colorado Island",2008-08-01,240.537,"pre",8
"Barro Colorado Island",2008-09-01,133.288,"pre",9
"Barro Colorado Island",2008-10-01,131.193,"pre",10
"Barro Colorado Island",2008-11-01,585.87,"pre",11
"Barro Colorado Island",2008-12-01,66.47,"pre",12
"Barro Colorado Island",2009-01-01,42.544,"pre",1
"Barro Colorado Island",2009-02-01,38.926,"pre",2
"Barro Colorado Island",2009-03-01,37.973,"pre",3
"Barro Colorado Island",2009-04-01,48.896,"pre",4
"Barro Colorado Island",2009-05-01,140.072,"pre",5
"Barro Colorado Island",2009-06-01,381.455,"pre",6
"Barro Colorado Island",2009-07-01,288.544,"pre",7
"Barro Colorado Island",2009-08-01,580.581,"pre",8
"Barro Colorado Island",2009-09-01,107.571,"pre",9
"Barro Colorado Island",2009-10-01,311.659,"pre",10
"Barro Colorado Island",2009-11-01,462.537,"pre",11
"Barro Colorado Island",2009-12-01,102.745,"pre",12
"Barro Colorado Island",2010-01-01,20.829,"pre",1
"Barro Colorado Island",2010-02-01,57.143,"pre",2
"Barro Colorado Island",2010-03-01,72.144,"pre",3
"Barro Colorado Island",2010-04-01,161.863,"pre",4
"Barro Colorado Island",2010-05-01,188.15,"pre",5
"Barro Colorado Island",2010-06-01,388.875,"pre",6
"Barro Colorado Island",2010-07-01,380.509,"pre",7
"Barro Colorado Island",2010-08-01,512.109,"pre",8
"Barro Colorado Island",2010-09-01,287.847,"pre",9
"Barro Colorado Island",2010-10-01,400.876,"pre",10
"Barro Colorado Island",2010-11-01,614.985,"pre",11
"Barro Colorado Island",2010-12-01,1050.712,"pre",12
"Barro Colorado Island",2011-01-01,110.21,"pre",1
"Barro Colorado Island",2011-02-01,34.418,"pre",2
"Barro Colorado Island",2011-03-01,47.752,"pre",3
"Barro Colorado Island",2011-04-01,61.469,"pre",4
"Barro Colorado Island",2011-05-01,259.969,"pre",5
"Barro Colorado Island",2011-06-01,359.537,"pre",6
"Barro Colorado Island",2011-07-01,403.881,"pre",7
"Barro Colorado Island",2011-08-01,203.243,"pre",8
"Barro Colorado Island",2011-09-01,250.585,"pre",9
"Barro Colorado Island",2011-10-01,331.268,"pre",10
"Barro Colorado Island",2011-11-01,699.26,"pre",11
"Barro Colorado Island",2011-12-01,538.226,"pre",12
"Barro Colorado Island",2012-01-01,10.922,"pre",1
"Barro Colorado Island",2012-02-01,3.175,"pre",2
"Barro Colorado Island",2012-03-01,20.13,"pre",3
"Barro Colorado Island",2012-04-01,175.452,"pre",4
"Barro Colorado Island",2012-05-01,263.652,"pre",5
"Barro Colorado Island",2012-06-01,277.319,"pre",6
"Barro Colorado Island",2012-07-01,360.219,"pre",7
"Barro Colorado Island",2012-08-01,153.923,"pre",8
"Barro Colorado Island",2012-09-01,160.21,"pre",9
"Barro Colorado Island",2012-10-01,298.019,"pre",10
"Barro Colorado Island",2012-11-01,812.66,"pre",11
"Barro Colorado Island",2012-12-01,460.122,"pre",12
"Barro Colorado Island",2013-01-01,6.096,"pre",1
"Barro Colorado Island",2013-02-01,58.293,"pre",2
"Barro Colorado Island",2013-03-01,49.848,"pre",3
"Barro Colorado Island",2013-04-01,64.008,"pre",4
"Barro Colorado Island",2013-05-01,196.048,"pre",5
"Barro Colorado Island",2013-06-01,191.334,"pre",6
"Barro Colorado Island",2013-07-01,411.846,"pre",7
"Barro Colorado Island",2013-08-01,271.03,"pre",8
"Barro Colorado Island",2013-09-01,241.846,"pre",9
"Barro Colorado Island",2013-10-01,214.602,"pre",10
"Barro Colorado Island",2013-11-01,204.561,"pre",11
"Barro Colorado Island",2013-12-01,148.844,"pre",12
"Barro Colorado Island",2014-01-01,20.574,"pre",1
"Barro Colorado Island",2014-02-01,12.066,"pre",2
"Barro Colorado Island",2014-03-01,19.356,"pre",3
"Barro Colorado Island",2014-04-01,46.482,"pre",4
"Barro Colorado Island",2014-05-01,277.685,"pre",5
"Barro Colorado Island",2014-06-01,277.877,"pre",6
"Barro Colorado Island",2014-07-01,166.182,"pre",7
"Barro Colorado Island",2014-08-01,315.406,"pre",8
"Barro Colorado Island",2014-09-01,171.641,"pre",9
"Barro Colorado Island",2014-10-01,196.279,"pre",10
"Barro Colorado Island",2014-11-01,373.127,"pre",11
"Barro Colorado Island",2014-12-01,326.516,"pre",12
"Barro Colorado Island",2015-01-01,43.629,"pre",1
"Barro Colorado Island",2015-02-01,43.95,"pre",2
"Barro Colorado Island",2015-03-01,18.479,"pre",3
"Barro Colorado Island",2015-04-01,71.312,"pre",4
"Barro Colorado Island",2015-05-01,233.238,"pre",5
"Barro Colorado Island",2015-06-01,107.314,"pre",6
"Barro Colorado Island",2015-07-01,97.409,"pre",7
"Barro Colorado Island",2015-08-01,198.374,"pre",8
"Barro Colorado Island",2015-09-01,269.875,"pre",9
"Barro Colorado Island",2015-10-01,406.909,"pre",10
"Barro Colorado Island",2015-11-01,207.516,"pre",11
"Barro Colorado Island",2015-12-01,112.078,"pre",12
"Barro Colorado Island",2016-01-01,20.828,"pre",1
"Barro Colorado Island",2016-02-01,29.21,"pre",2
"Barro Colorado Island",2016-03-01,5.271,"pre",3
"Barro Colorado Island",2016-04-01,94.361,"pre",4
"Barro Colorado Island",2016-05-01,165.164,"pre",5
"Barro Colorado Island",2016-06-01,326.454,"pre",6
"Barro Colorado Island",2016-07-01,486.758,"pre",7
"Barro Colorado Island",2016-08-01,143.29,"pre",8
"Barro Colorado Island",2016-09-01,255.398,"pre",9
"Barro Colorado Island",2016-10-01,442.913,"pre",10
"Barro Colorado Island",2016-11-01,835.914,"pre",11
"Barro Colorado Island",2016-12-01,145.414,"pre",12
"Barro Colorado Island",2017-01-01,11.114,"pre",1
"Barro Colorado Island",2017-02-01,8.636,"pre",2
"Barro Colorado Island",2017-03-01,50.609,"pre",3
"Barro Colorado Island",2017-04-01,60.389,"pre",4
"Barro Colorado Island",2017-05-01,311.658,"pre",5
"Barro Colorado Island",2017-06-01,256.667,"pre",6
"Barro Colorado Island",2017-07-01,227.9,"pre",7
"Barro Colorado Island",2017-08-01,242.827,"pre",8
"Barro Colorado Island",2017-09-01,178.908,"pre",9
"Barro Colorado Island",2017-10-01,164.69,"pre",10
"Barro Colorado Island",2017-11-01,437.895,"pre",11
"Barro Colorado Island",2017-12-01,280.762,"pre",12
"Barro Colorado Island",2018-01-01,295.757,"pre",1
"Barro Colorado Island",2018-02-01,6.668,"pre",2
"Barro Colorado Island",2018-03-01,124.841,"pre",3
"Barro Colorado Island",2018-04-01,34.925,"pre",4
"Barro Colorado Island",2018-05-01,447.046,"pre",5
"Barro Colorado Island",2018-06-01,503.248,"pre",6
"Barro Colorado Island",2018-07-01,385.621,"pre",7
"Barro Colorado Island",2018-08-01,278.13,"pre",8
"Barro Colorado Island",2018-09-01,260.722,"pre",9
"Barro Colorado Island",2018-10-01,436.253,"pre",10
"Barro Colorado Island",2018-11-01,261.872,"pre",11
"Barro Colorado Island",2018-12-01,19.812,"pre",12
"Barro Colorado Island",2019-01-01,12.446,"pre",1
"Barro Colorado Island",2019-02-01,39.116,"pre",2
"Barro Colorado Island",2019-03-01,0,"pre",3
"Barro Colorado Island",2019-04-01,101.6,"pre",4
"Barro Colorado Island",2019-05-01,264.414,"pre",5
"Barro Colorado Island",2019-06-01,229.235,"pre",6
"Barro Colorado Island",2019-07-01,252.603,"pre",7
"Barro Colorado Island",2019-08-01,309.5,"pre",8
"Barro Colorado Island",2019-09-01,196.279,"pre",9
"Barro Colorado Island",2019-10-01,237.871,"pre",10
"Barro Colorado Island",2019-11-01,260.986,"pre",11
"Barro Colorado Island",2019-12-01,0,"pre",12
